Ticker,Datetime,Open,High,Low,Close,Volume,Dividends,Stock Splits
MSFT,2023-10-02 04:00:00-04:00,317.12,319.04,317.12,318.85,0,0.0,0.0
MSFT,2023-10-02 04:05:00-04:00,318.99,319.01,318.57,318.71,0,0.0,0.0
MSFT,2023-10-02 04:10:00-04:00,318.47,318.7,318.42,318.53,0,0.0,0.0
MSFT,2023-10-02 04:15:00-04:00,318.56,318.74,318.41,318.5,0,0.0,0.0
MSFT,2023-10-02 04:20:00-04:00,318.32,318.68,318.31,318.5,0,0.0,0.0
MSFT,2023-10-02 04:25:00-04:00,318.5,318.69,318.36,318.56,0,0.0,0.0
MSFT,2023-10-02 04:30:00-04:00,318.47,318.56,318.47,318.53,0,0.0,0.0
MSFT,2023-10-02 04:35:00-04:00,318.56,318.66,318.47,318.56,0,0.0,0.0
MSFT,2023-10-02 04:40:00-04:00,318.56,318.94,318.56,318.94,0,0.0,0.0
MSFT,2023-10-02 04:45:00-04:00,318.66,318.87,318.36,318.65,0,0.0,0.0
MSFT,2023-10-02 04:50:00-04:00,318.69,318.75,318.45,318.45,0,0.0,0.0
MSFT,2023-10-02 04:55:00-04:00,318.37,318.53,318.35,318.42,0,0.0,0.0
MSFT,2023-10-02 05:00:00-04:00,318.42,318.42,318.02,318.12,0,0.0,0.0
MSFT,2023-10-02 05:05:00-04:00,318.09,318.09,317.56,317.67,0,0.0,0.0
MSFT,2023-10-02 05:10:00-04:00,317.93,318.0,317.76,318.0,0,0.0,0.0
MSFT,2023-10-02 05:15:00-04:00,317.98,318.0,317.82,317.82,0,0.0,0.0
MSFT,2023-10-02 05:20:00-04:00,317.97,318.09,317.92,318.05,0,0.0,0.0
MSFT,2023-10-02 05:25:00-04:00,317.98,317.99,317.7,317.7,0,0.0,0.0
MSFT,2023-10-02 05:30:00-04:00,317.76,318.19,317.75,318.17,0,0.0,0.0
MSFT,2023-10-02 05:35:00-04:00,318.18,318.25,318.01,318.2,0,0.0,0.0
MSFT,2023-10-02 05:40:00-04:00,318.21,318.24,317.87,318.0,0,0.0,0.0
MSFT,2023-10-02 05:45:00-04:00,318.01,318.01,317.01,317.01,0,0.0,0.0
MSFT,2023-10-02 05:50:00-04:00,317.1,317.1,316.0,316.13,0,0.0,0.0
MSFT,2023-10-02 05:55:00-04:00,316.3,316.63,316.1,316.46,0,0.0,0.0
MSFT,2023-10-02 06:00:00-04:00,316.47,317.04,316.15,316.57,0,0.0,0.0
MSFT,2023-10-02 06:05:00-04:00,316.52,316.89,316.22,316.65,0,0.0,0.0
MSFT,2023-10-02 06:10:00-04:00,316.41,316.48,316.0,316.3,0,0.0,0.0
MSFT,2023-10-02 06:15:00-04:00,316.3,316.88,316.13,316.88,0,0.0,0.0
MSFT,2023-10-02 06:20:00-04:00,316.81,317.22,316.77,317.05,0,0.0,0.0
MSFT,2023-10-02 06:25:00-04:00,317.03,317.29,316.63,316.63,0,0.0,0.0
MSFT,2023-10-02 06:30:00-04:00,316.65,317.24,316.57,317.24,0,0.0,0.0
MSFT,2023-10-02 06:35:00-04:00,317.22,317.34,316.88,317.34,0,0.0,0.0
MSFT,2023-10-02 06:40:00-04:00,317.15,317.25,317.0,317.25,0,0.0,0.0
MSFT,2023-10-02 06:45:00-04:00,317.24,317.44,316.96,317.28,0,0.0,0.0
MSFT,2023-10-02 06:50:00-04:00,317.28,317.49,316.94,317.49,0,0.0,0.0
MSFT,2023-10-02 06:55:00-04:00,317.54,317.6,317.07,317.37,0,0.0,0.0
MSFT,2023-10-02 07:00:00-04:00,317.3,317.42,317.03,317.03,0,0.0,0.0
MSFT,2023-10-02 07:05:00-04:00,317.24,317.3,316.77,317.13,0,0.0,0.0
MSFT,2023-10-02 07:10:00-04:00,317.09,317.16,316.89,317.01,0,0.0,0.0
MSFT,2023-10-02 07:15:00-04:00,317.16,317.38,317.01,317.3,0,0.0,0.0
MSFT,2023-10-02 07:20:00-04:00,317.3,317.38,317.2,317.3,0,0.0,0.0
MSFT,2023-10-02 07:25:00-04:00,317.24,317.4,317.11,317.3,0,0.0,0.0
MSFT,2023-10-02 07:30:00-04:00,317.22,317.29,316.8,316.8,0,0.0,0.0
MSFT,2023-10-02 07:35:00-04:00,316.8,317.17,316.75,316.86,0,0.0,0.0
MSFT,2023-10-02 07:40:00-04:00,316.87,316.88,316.45,316.45,0,0.0,0.0
MSFT,2023-10-02 07:45:00-04:00,316.44,317.09,316.36,316.36,0,0.0,0.0
MSFT,2023-10-02 07:50:00-04:00,316.96,316.97,316.45,316.45,0,0.0,0.0
MSFT,2023-10-02 07:55:00-04:00,316.55,316.7,316.32,316.34,0,0.0,0.0
MSFT,2023-10-02 08:00:00-04:00,317.14,319.3,316.2,316.4,0,0.0,0.0
MSFT,2023-10-02 08:05:00-04:00,316.33,316.4,316.15,316.26,0,0.0,0.0
MSFT,2023-10-02 08:10:00-04:00,316.26,316.5,316.21,316.21,0,0.0,0.0
MSFT,2023-10-02 08:15:00-04:00,316.3,316.4,316.006,316.2,0,0.0,0.0
MSFT,2023-10-02 08:20:00-04:00,316.19,316.28,315.6,315.8,0,0.0,0.0
MSFT,2023-10-02 08:25:00-04:00,315.8,316.25,315.7,315.75,0,0.0,0.0
MSFT,2023-10-02 08:30:00-04:00,316.03,316.2,315.85,315.99,0,0.0,0.0
MSFT,2023-10-02 08:35:00-04:00,315.97,316.19,315.75,316.1,0,0.0,0.0
MSFT,2023-10-02 08:40:00-04:00,316.1,316.27,315.85,316.25,0,0.0,0.0
MSFT,2023-10-02 08:45:00-04:00,316.23,316.451,315.6931,315.79,0,0.0,0.0
MSFT,2023-10-02 08:50:00-04:00,315.8,315.94,315.5,315.63,0,0.0,0.0
MSFT,2023-10-02 08:55:00-04:00,315.7,315.89,315.4,315.89,0,0.0,0.0
MSFT,2023-10-02 09:00:00-04:00,315.88,316.1,315.56,315.77,0,0.0,0.0
MSFT,2023-10-02 09:05:00-04:00,315.73,315.8,315.29,315.58,0,0.0,0.0
MSFT,2023-10-02 09:10:00-04:00,315.42,318.48,315.42,315.75,0,0.0,0.0
MSFT,2023-10-02 09:30:00-04:00,316.2799987792969,317.04998779296875,315.17999267578125,317.0249938964844,1221997,0.0,0.0
MSFT,2023-10-02 09:35:00-04:00,317.07000732421875,318.3900146484375,316.8450012207031,318.2799987792969,316004,0.0,0.0
MSFT,2023-10-02 09:40:00-04:00,318.2799987792969,318.7149963378906,317.79998779296875,318.3349914550781,380965,0.0,0.0
MSFT,2023-10-02 09:45:00-04:00,318.2900085449219,318.3699951171875,317.4309997558594,317.7300109863281,210488,0.0,0.0
MSFT,2023-10-02 09:50:00-04:00,317.739990234375,318.1000061035156,317.0950012207031,317.2200012207031,244471,0.0,0.0
MSFT,2023-10-02 09:55:00-04:00,317.2699890136719,317.6000061035156,316.95001220703125,316.95001220703125,182768,0.0,0.0
MSFT,2023-10-02 10:00:00-04:00,317.0,318.8800048828125,316.79998779296875,318.489990234375,444329,0.0,0.0
MSFT,2023-10-02 10:05:00-04:00,318.4800109863281,318.70001220703125,317.760009765625,318.1600036621094,210652,0.0,0.0
MSFT,2023-10-02 10:10:00-04:00,318.1600036621094,318.19000244140625,317.2099914550781,317.239990234375,168099,0.0,0.0
MSFT,2023-10-02 10:15:00-04:00,317.2900085449219,318.3699951171875,317.2900085449219,317.8699951171875,307564,0.0,0.0
MSFT,2023-10-02 10:20:00-04:00,317.82000732421875,318.2098999023437,317.2200012207031,318.1300048828125,126207,0.0,0.0
MSFT,2023-10-02 10:25:00-04:00,318.1000061035156,319.0372009277344,318.0350036621094,318.260009765625,340684,0.0,0.0
MSFT,2023-10-02 10:30:00-04:00,318.32000732421875,318.6199951171875,317.5799865722656,317.8999938964844,207576,0.0,0.0
MSFT,2023-10-02 10:35:00-04:00,317.9200134277344,318.29998779296875,317.6449890136719,318.2799987792969,164113,0.0,0.0
MSFT,2023-10-02 10:40:00-04:00,318.32000732421875,318.3699951171875,317.1300048828125,317.6099853515625,260626,0.0,0.0
MSFT,2023-10-02 10:45:00-04:00,317.6499938964844,318.45001220703125,317.6499938964844,318.1300048828125,228462,0.0,0.0
MSFT,2023-10-02 10:50:00-04:00,318.2099914550781,318.639892578125,318.0299987792969,318.0350036621094,156208,0.0,0.0
MSFT,2023-10-02 10:55:00-04:00,318.0599975585937,318.1000061035156,317.3099975585937,317.7300109863281,171724,0.0,0.0
MSFT,2023-10-02 11:00:00-04:00,317.75,319.0150146484375,317.6400146484375,318.739990234375,227684,0.0,0.0
MSFT,2023-10-02 11:05:00-04:00,318.75,319.2200012207031,318.45001220703125,318.8349914550781,238735,0.0,0.0
MSFT,2023-10-02 11:10:00-04:00,318.8299865722656,319.8099975585937,318.7300109863281,319.7699890136719,235062,0.0,0.0
MSFT,2023-10-02 11:15:00-04:00,319.7900085449219,320.3699951171875,319.7200012207031,320.2799987792969,334345,0.0,0.0
MSFT,2023-10-02 11:20:00-04:00,320.2799987792969,321.3900146484375,320.2715148925781,321.20001220703125,341968,0.0,0.0
MSFT,2023-10-02 11:25:00-04:00,321.2427062988281,321.29998779296875,320.8655090332031,320.9599914550781,267518,0.0,0.0
MSFT,2023-10-02 11:30:00-04:00,321.0,321.1700134277344,320.57000732421875,320.82000732421875,235914,0.0,0.0
MSFT,2023-10-02 11:35:00-04:00,320.8099975585937,320.8800048828125,320.19000244140625,320.54998779296875,244298,0.0,0.0
MSFT,2023-10-02 11:40:00-04:00,320.56500244140625,320.7300109863281,319.72430419921875,319.739990234375,177570,0.0,0.0
MSFT,2023-10-02 11:45:00-04:00,319.7099914550781,319.8500061035156,319.2925109863281,319.3399963378906,205720,0.0,0.0
MSFT,2023-10-02 11:50:00-04:00,319.3252868652344,319.5799865722656,318.3999938964844,318.6155090332031,175447,0.0,0.0
MSFT,2023-10-02 11:55:00-04:00,318.6000061035156,318.7699890136719,318.29998779296875,318.5799865722656,154978,0.0,0.0
MSFT,2023-10-02 12:00:00-04:00,318.6099853515625,318.79998779296875,318.3999938964844,318.79998779296875,151404,0.0,0.0
MSFT,2023-10-02 12:05:00-04:00,318.79998779296875,318.8699951171875,317.9599914550781,318.1499938964844,141846,0.0,0.0
MSFT,2023-10-02 12:10:00-04:00,318.1000061035156,318.7099914550781,317.8299865722656,318.7099914550781,140311,0.0,0.0
MSFT,2023-10-02 12:15:00-04:00,318.70001220703125,319.07000732421875,318.5299987792969,318.5400085449219,164621,0.0,0.0
MSFT,2023-10-02 12:20:00-04:00,318.5799865722656,319.1000061035156,318.5,318.94000244140625,75078,0.0,0.0
MSFT,2023-10-02 12:25:00-04:00,318.9649963378906,319.0899963378906,318.29998779296875,318.5799865722656,133327,0.0,0.0
MSFT,2023-10-02 12:30:00-04:00,318.5450134277344,318.67999267578125,318.3550109863281,318.489990234375,76913,0.0,0.0
MSFT,2023-10-02 12:35:00-04:00,318.510009765625,318.95001220703125,318.4200134277344,318.739990234375,182936,0.0,0.0
MSFT,2023-10-02 12:40:00-04:00,318.7562866210937,318.9100036621094,318.4599914550781,318.510009765625,104285,0.0,0.0
MSFT,2023-10-02 12:45:00-04:00,318.489990234375,318.8599853515625,318.0599975585937,318.0899963378906,108669,0.0,0.0
MSFT,2023-10-02 12:50:00-04:00,318.17498779296875,318.4800109863281,318.0199890136719,318.4100036621094,125928,0.0,0.0
MSFT,2023-10-02 12:55:00-04:00,318.4100036621094,318.48748779296875,318.1199951171875,318.19500732421875,79690,0.0,0.0
MSFT,2023-10-02 13:00:00-04:00,318.20001220703125,318.42999267578125,318.1099853515625,318.25,117221,0.0,0.0
MSFT,2023-10-02 13:05:00-04:00,318.2699890136719,318.3500061035156,317.75,318.0599975585937,157095,0.0,0.0
MSFT,2023-10-02 13:10:00-04:00,318.07000732421875,318.1400146484375,317.6000061035156,317.6400146484375,89845,0.0,0.0
MSFT,2023-10-02 13:15:00-04:00,317.6700134277344,318.3500061035156,317.6650085449219,318.17999267578125,135747,0.0,0.0
MSFT,2023-10-02 13:20:00-04:00,318.2099914550781,318.489990234375,318.0599975585937,318.3099975585937,111736,0.0,0.0
MSFT,2023-10-02 13:25:00-04:00,318.2900085449219,318.57000732421875,318.17999267578125,318.54998779296875,90442,0.0,0.0
MSFT,2023-10-02 13:30:00-04:00,318.5599975585937,318.7300109863281,318.32000732421875,318.3500061035156,119328,0.0,0.0
MSFT,2023-10-02 13:35:00-04:00,318.3699951171875,318.5599975585937,318.260009765625,318.3599853515625,71502,0.0,0.0
MSFT,2023-10-02 13:40:00-04:00,318.3699951171875,318.8800048828125,318.3699951171875,318.67498779296875,98209,0.0,0.0
MSFT,2023-10-02 13:45:00-04:00,318.6499938964844,319.0400085449219,318.6499938964844,318.8800048828125,87976,0.0,0.0
MSFT,2023-10-02 13:50:00-04:00,318.8500061035156,319.1199951171875,318.79998779296875,319.0400085449219,98849,0.0,0.0
MSFT,2023-10-02 13:55:00-04:00,319.0400085449219,319.2699890136719,318.489990234375,318.57000732421875,104371,0.0,0.0
MSFT,2023-10-02 14:00:00-04:00,318.57501220703125,318.9921875,318.44000244140625,318.8299865722656,112900,0.0,0.0
MSFT,2023-10-02 14:05:00-04:00,318.8399963378906,319.3099975585937,318.8399963378906,319.1400146484375,157955,0.0,0.0
MSFT,2023-10-02 14:10:00-04:00,319.1700134277344,320.1600036621094,319.1099853515625,320.1549987792969,233899,0.0,0.0
MSFT,2023-10-02 14:15:00-04:00,320.1499938964844,320.20001220703125,319.7062072753906,319.739990234375,240466,0.0,0.0
MSFT,2023-10-02 14:20:00-04:00,319.7099914550781,319.739990234375,319.0799865722656,319.2174987792969,89484,0.0,0.0
MSFT,2023-10-02 14:25:00-04:00,319.2200012207031,319.30340576171875,318.54998779296875,318.6000061035156,106971,0.0,0.0
MSFT,2023-10-02 14:30:00-04:00,318.6400146484375,319.010009765625,318.6400146484375,318.85919189453125,89331,0.0,0.0
MSFT,2023-10-02 14:35:00-04:00,318.8800048828125,319.1099853515625,318.6300048828125,318.6499938964844,64456,0.0,0.0
MSFT,2023-10-02 14:40:00-04:00,318.6499938964844,318.6499938964844,318.3099975585937,318.54998779296875,118802,0.0,0.0
MSFT,2023-10-02 14:45:00-04:00,318.5199890136719,318.8699951171875,318.5,318.7699890136719,94863,0.0,0.0
MSFT,2023-10-02 14:50:00-04:00,318.7900085449219,319.2699890136719,318.6697998046875,318.8599853515625,114916,0.0,0.0
MSFT,2023-10-02 14:55:00-04:00,318.8500061035156,319.0799865722656,318.6499938964844,318.989990234375,109722,0.0,0.0
MSFT,2023-10-02 15:00:00-04:00,318.95001220703125,319.2200012207031,318.5299987792969,318.67999267578125,113533,0.0,0.0
MSFT,2023-10-02 15:05:00-04:00,318.69000244140625,319.2900085449219,318.5899963378906,319.2300109863281,103170,0.0,0.0
MSFT,2023-10-02 15:10:00-04:00,319.2300109863281,319.44000244140625,318.7441101074219,318.86358642578125,157003,0.0,0.0
MSFT,2023-10-02 15:15:00-04:00,318.8500061035156,319.3799133300781,318.8500061035156,319.0400085449219,151332,0.0,0.0
MSFT,2023-10-02 15:20:00-04:00,319.0299987792969,319.82000732421875,318.92999267578125,319.7950134277344,206930,0.0,0.0
MSFT,2023-10-02 15:25:00-04:00,319.79998779296875,319.8099975585937,319.3500061035156,319.54998779296875,141663,0.0,0.0
MSFT,2023-10-02 15:30:00-04:00,319.54998779296875,320.3389892578125,319.3500061035156,320.25,255628,0.0,0.0
MSFT,2023-10-02 15:35:00-04:00,320.25,320.2680053710937,319.8901062011719,320.20001220703125,186731,0.0,0.0
MSFT,2023-10-02 15:40:00-04:00,320.20001220703125,320.3299865722656,319.9599914550781,320.0899963378906,248041,0.0,0.0
MSFT,2023-10-02 15:45:00-04:00,320.1099853515625,320.5899963378906,320.010009765625,320.3299865722656,342384,0.0,0.0
MSFT,2023-10-02 15:50:00-04:00,320.29998779296875,321.3099975585937,320.2099914550781,321.29998779296875,632083,0.0,0.0
MSFT,2023-10-02 15:55:00-04:00,321.32000732421875,321.88800048828125,321.239990234375,321.8099975585937,1350877,0.0,0.0
MSFT,2023-10-02 16:00:00-04:00,321.8,322.18,321.61,322.14,0,0.0,0.0
MSFT,2023-10-02 16:05:00-04:00,322.18,322.48,321.7836,322.03,0,0.0,0.0
MSFT,2023-10-02 16:10:00-04:00,322.05,322.25,315.75,322.06,0,0.0,0.0
MSFT,2023-10-02 16:15:00-04:00,321.8,322.25,321.8,322.02,0,0.0,0.0
MSFT,2023-10-02 16:20:00-04:00,322.02,322.08,321.8,322.01,0,0.0,0.0
MSFT,2023-10-02 16:25:00-04:00,322.01,322.14,322.01,322.14,0,0.0,0.0
MSFT,2023-10-02 16:30:00-04:00,322.1,322.14,322.01,322.03,0,0.0,0.0
MSFT,2023-10-02 16:35:00-04:00,322.02,322.09,321.8,321.9,0,0.0,0.0
MSFT,2023-10-02 16:40:00-04:00,321.88,322.04,321.85,321.97,0,0.0,0.0
MSFT,2023-10-02 16:45:00-04:00,321.8738,321.97,321.86,321.97,0,0.0,0.0
MSFT,2023-10-02 16:50:00-04:00,321.92,321.99,321.86,321.9,0,0.0,0.0
MSFT,2023-10-02 16:55:00-04:00,321.93,321.94,321.8,321.81,0,0.0,0.0
MSFT,2023-10-02 17:00:00-04:00,321.8,321.91,321.7,321.702,0,0.0,0.0
MSFT,2023-10-02 17:05:00-04:00,321.71,321.88,321.68,321.75,0,0.0,0.0
MSFT,2023-10-02 17:10:00-04:00,321.77,321.89,321.75,321.75,0,0.0,0.0
MSFT,2023-10-02 17:15:00-04:00,321.75,321.88,321.75,321.79,0,0.0,0.0
MSFT,2023-10-02 17:20:00-04:00,321.78,336.2821,321.78,321.8,0,0.0,0.0
MSFT,2023-10-02 17:25:00-04:00,321.78,321.88,321.46,321.62,0,0.0,0.0
MSFT,2023-10-02 17:30:00-04:00,321.62,321.78,303.2399,321.6,0,0.0,0.0
MSFT,2023-10-02 17:35:00-04:00,321.4472,321.8,321.4472,321.75,0,0.0,0.0
MSFT,2023-10-02 17:40:00-04:00,321.8,321.8,321.5255,321.5269,0,0.0,0.0
MSFT,2023-10-02 17:45:00-04:00,321.51,321.8,321.51,321.8,0,0.0,0.0
MSFT,2023-10-02 17:50:00-04:00,321.6,321.65,301.82422,321.52,0,0.0,0.0
MSFT,2023-10-02 17:55:00-04:00,321.65,321.78,321.51,321.7306,0,0.0,0.0
MSFT,2023-10-02 18:00:00-04:00,321.51,321.72,321.51,321.55,0,0.0,0.0
MSFT,2023-10-02 18:05:00-04:00,321.55,321.8,321.55,321.65,0,0.0,0.0
MSFT,2023-10-02 18:10:00-04:00,321.65,321.88,321.55,321.8,0,0.0,0.0
MSFT,2023-10-02 18:15:00-04:00,321.79,321.95,321.61,321.8,0,0.0,0.0
MSFT,2023-10-02 18:20:00-04:00,321.8,321.99,321.8,321.9,0,0.0,0.0
MSFT,2023-10-02 18:25:00-04:00,321.9,321.99,321.8,321.99,0,0.0,0.0
MSFT,2023-10-02 18:30:00-04:00,321.89,321.97,321.8,321.8,0,0.0,0.0
MSFT,2023-10-02 18:35:00-04:00,321.9,321.9554,321.8,321.9554,0,0.0,0.0
MSFT,2023-10-02 18:40:00-04:00,321.8,321.95,321.8,321.8,0,0.0,0.0
MSFT,2023-10-02 18:45:00-04:00,321.95,321.99,321.8,321.99,0,0.0,0.0
MSFT,2023-10-02 18:50:00-04:00,321.99,321.99,321.92,321.96,0,0.0,0.0
MSFT,2023-10-02 18:55:00-04:00,321.97,321.97,321.82,321.9,0,0.0,0.0
MSFT,2023-10-02 19:00:00-04:00,321.9,321.98,321.81,321.86,0,0.0,0.0
MSFT,2023-10-02 19:05:00-04:00,321.95,321.95,321.81,321.94,0,0.0,0.0
MSFT,2023-10-02 19:10:00-04:00,321.9,321.9,321.43,321.45,0,0.0,0.0
MSFT,2023-10-02 19:15:00-04:00,321.47,321.5,321.07,321.1,0,0.0,0.0
MSFT,2023-10-02 19:20:00-04:00,321.35,321.5,321.1,321.36,0,0.0,0.0
MSFT,2023-10-02 19:25:00-04:00,321.75,321.75,321.21,321.28,0,0.0,0.0
MSFT,2023-10-02 19:30:00-04:00,321.44,321.69,321.16,321.35,0,0.0,0.0
MSFT,2023-10-02 19:35:00-04:00,321.31,321.64,321.21,321.37,0,0.0,0.0
MSFT,2023-10-02 19:40:00-04:00,321.5,321.67,321.45,321.54,0,0.0,0.0
MSFT,2023-10-02 19:45:00-04:00,321.63,321.8,321.31,321.7,0,0.0,0.0
MSFT,2023-10-02 19:50:00-04:00,321.71,321.85,321.71,321.83,0,0.0,0.0
MSFT,2023-10-02 19:55:00-04:00,321.85,321.98,321.65,321.81,0,0.0,0.0
TSLA,2023-10-02 04:00:00-04:00,253.33,253.52,251.72,252.67,0,0.0,0.0
TSLA,2023-10-02 04:05:00-04:00,252.62,252.68,252.15,252.3,0,0.0,0.0
TSLA,2023-10-02 04:10:00-04:00,252.3,252.43,252.13,252.15,0,0.0,0.0
TSLA,2023-10-02 04:15:00-04:00,252.16,252.23,251.72,252.0,0,0.0,0.0
TSLA,2023-10-02 04:20:00-04:00,252.02,252.37,251.89,252.2,0,0.0,0.0
TSLA,2023-10-02 04:25:00-04:00,252.25,252.37,252.06,252.23,0,0.0,0.0
TSLA,2023-10-02 04:30:00-04:00,252.18,252.35,252.1,252.19,0,0.0,0.0
TSLA,2023-10-02 04:35:00-04:00,252.19,252.4,252.16,252.27,0,0.0,0.0
TSLA,2023-10-02 04:40:00-04:00,252.33,252.69,252.3,252.52,0,0.0,0.0
TSLA,2023-10-02 04:45:00-04:00,252.52,252.71,252.46,252.54,0,0.0,0.0
TSLA,2023-10-02 04:50:00-04:00,252.54,252.64,252.0,252.05,0,0.0,0.0
TSLA,2023-10-02 04:55:00-04:00,252.19,252.4,252.08,252.17,0,0.0,0.0
TSLA,2023-10-02 05:00:00-04:00,252.17,252.17,251.75,251.87,0,0.0,0.0
TSLA,2023-10-02 05:05:00-04:00,251.85,251.86,251.64,251.84,0,0.0,0.0
TSLA,2023-10-02 05:10:00-04:00,251.77,252.1,251.76,251.9,0,0.0,0.0
TSLA,2023-10-02 05:15:00-04:00,251.95,251.97,251.61,251.69,0,0.0,0.0
TSLA,2023-10-02 05:20:00-04:00,251.68,252.08,251.68,251.84,0,0.0,0.0
TSLA,2023-10-02 05:25:00-04:00,251.85,251.93,251.62,251.8,0,0.0,0.0
TSLA,2023-10-02 05:30:00-04:00,251.82,251.88,251.71,251.88,0,0.0,0.0
TSLA,2023-10-02 05:35:00-04:00,251.87,251.89,251.73,251.89,0,0.0,0.0
TSLA,2023-10-02 05:40:00-04:00,251.83,251.92,251.78,251.83,0,0.0,0.0
TSLA,2023-10-02 05:45:00-04:00,251.86,251.86,251.11,251.18,0,0.0,0.0
TSLA,2023-10-02 05:50:00-04:00,251.21,251.26,250.6,250.7,0,0.0,0.0
TSLA,2023-10-02 05:55:00-04:00,250.69,250.98,250.63,250.98,0,0.0,0.0
TSLA,2023-10-02 06:00:00-04:00,250.91,251.49,250.86,251.36,0,0.0,0.0
TSLA,2023-10-02 06:05:00-04:00,251.35,251.51,251.19,251.41,0,0.0,0.0
TSLA,2023-10-02 06:10:00-04:00,251.42,251.48,250.85,251.09,0,0.0,0.0
TSLA,2023-10-02 06:15:00-04:00,251.1,251.4,250.97,251.39,0,0.0,0.0
TSLA,2023-10-02 06:20:00-04:00,251.37,251.58,251.34,251.4,0,0.0,0.0
TSLA,2023-10-02 06:25:00-04:00,251.4,251.4,251.14,251.23,0,0.0,0.0
TSLA,2023-10-02 06:30:00-04:00,251.1,251.35,251.01,251.09,0,0.0,0.0
TSLA,2023-10-02 06:35:00-04:00,251.13,251.14,251.0,251.0,0,0.0,0.0
TSLA,2023-10-02 06:40:00-04:00,251.05,251.35,251.05,251.29,0,0.0,0.0
TSLA,2023-10-02 06:45:00-04:00,251.21,251.5,251.15,251.4,0,0.0,0.0
TSLA,2023-10-02 06:50:00-04:00,251.4,251.56,251.1,251.38,0,0.0,0.0
TSLA,2023-10-02 06:55:00-04:00,251.38,251.45,251.06,251.12,0,0.0,0.0
TSLA,2023-10-02 07:00:00-04:00,251.19,251.34,250.96,251.24,0,0.0,0.0
TSLA,2023-10-02 07:05:00-04:00,251.2,251.5,250.95,251.48,0,0.0,0.0
TSLA,2023-10-02 07:10:00-04:00,251.38,251.449,251.06,251.09,0,0.0,0.0
TSLA,2023-10-02 07:15:00-04:00,251.09,251.39,251.06,251.31,0,0.0,0.0
TSLA,2023-10-02 07:20:00-04:00,251.35,251.6,251.32,251.6,0,0.0,0.0
TSLA,2023-10-02 07:25:00-04:00,251.6,251.65,251.42,251.5,0,0.0,0.0
TSLA,2023-10-02 07:30:00-04:00,251.51,251.53,251.03,251.15,0,0.0,0.0
TSLA,2023-10-02 07:35:00-04:00,251.1,251.3,251.08,251.26,0,0.0,0.0
TSLA,2023-10-02 07:40:00-04:00,251.25,251.25,250.85,250.88,0,0.0,0.0
TSLA,2023-10-02 07:45:00-04:00,250.88,251.07,250.64,250.97,0,0.0,0.0
TSLA,2023-10-02 07:50:00-04:00,250.99,251.08,250.56,250.58,0,0.0,0.0
TSLA,2023-10-02 07:55:00-04:00,250.55,250.76,250.55,250.64,0,0.0,0.0
TSLA,2023-10-02 08:00:00-04:00,250.6,253.43,249.93,250.1803,0,0.0,0.0
TSLA,2023-10-02 08:05:00-04:00,250.17,250.47,250.15,250.31,0,0.0,0.0
TSLA,2023-10-02 08:10:00-04:00,250.2001,250.74,250.2001,250.65,0,0.0,0.0
TSLA,2023-10-02 08:15:00-04:00,250.5,250.65,250.31,250.43,0,0.0,0.0
TSLA,2023-10-02 08:20:00-04:00,250.32,250.5,249.72,250.0,0,0.0,0.0
TSLA,2023-10-02 08:25:00-04:00,250.2,250.47,250.02,250.16,0,0.0,0.0
TSLA,2023-10-02 08:30:00-04:00,250.19,250.35,250.03,250.085,0,0.0,0.0
TSLA,2023-10-02 08:35:00-04:00,250.08,250.12,249.75,250.07,0,0.0,0.0
TSLA,2023-10-02 08:40:00-04:00,250.06,250.06,249.32,249.595,0,0.0,0.0
TSLA,2023-10-02 08:45:00-04:00,249.6,249.9353,249.4,249.53,0,0.0,0.0
TSLA,2023-10-02 08:50:00-04:00,249.53,249.625,249.0,249.06,0,0.0,0.0
TSLA,2023-10-02 08:55:00-04:00,249.07,249.34,245.48,245.48,0,0.0,0.0
TSLA,2023-10-02 09:00:00-04:00,245.48,247.0,240.53,240.55,0,0.0,0.0
TSLA,2023-10-02 09:05:00-04:00,240.66,250.22,239.35,240.65,0,0.0,0.0
TSLA,2023-10-02 09:10:00-04:00,240.59,254.02,240.37,242.68,0,0.0,0.0
TSLA,2023-10-02 09:30:00-04:00,244.80999755859372,246.6100006103516,243.0500030517578,243.52999877929688,9719463,0.0,0.0
TSLA,2023-10-02 09:35:00-04:00,243.5,247.02999877929688,242.6199951171875,246.8762969970703,4161377,0.0,0.0
TSLA,2023-10-02 09:40:00-04:00,246.88999938964844,248.80999755859372,246.41000366210935,248.38900756835935,3407747,0.0,0.0
TSLA,2023-10-02 09:45:00-04:00,248.38999938964844,248.5,245.6999969482422,245.97169494628903,2770105,0.0,0.0
TSLA,2023-10-02 09:50:00-04:00,245.9862060546875,246.1999969482422,244.0500030517578,245.4062957763672,2961337,0.0,0.0
TSLA,2023-10-02 09:55:00-04:00,245.38999938964844,246.5198974609375,245.19000244140625,246.16000366210935,2114191,0.0,0.0
TSLA,2023-10-02 10:00:00-04:00,246.1300048828125,248.9600067138672,245.82000732421875,248.0500030517578,3158811,0.0,0.0
TSLA,2023-10-02 10:05:00-04:00,248.0200042724609,248.5,247.2899932861328,247.91000366210935,2166491,0.0,0.0
TSLA,2023-10-02 10:10:00-04:00,247.8701019287109,249.91000366210935,247.07009887695312,248.4600067138672,2665663,0.0,0.0
TSLA,2023-10-02 10:15:00-04:00,248.47000122070312,250.77999877929688,248.47000122070312,249.72000122070312,2917601,0.0,0.0
TSLA,2023-10-02 10:20:00-04:00,249.7039031982422,250.0162048339844,248.0,248.7899932861328,2247599,0.0,0.0
TSLA,2023-10-02 10:25:00-04:00,248.7899932861328,249.8500061035156,247.8300018310547,248.10240173339844,1916645,0.0,0.0
TSLA,2023-10-02 10:30:00-04:00,248.1499938964844,248.4499969482422,247.4019012451172,248.05999755859372,1699133,0.0,0.0
TSLA,2023-10-02 10:35:00-04:00,248.1000061035156,249.77999877929688,248.0200042724609,249.0475006103516,1728134,0.0,0.0
TSLA,2023-10-02 10:40:00-04:00,249.15499877929688,249.5500946044922,248.2899932861328,249.0800018310547,1379786,0.0,0.0
TSLA,2023-10-02 10:45:00-04:00,249.13999938964844,250.3860015869141,248.67999267578125,249.9900054931641,1627469,0.0,0.0
TSLA,2023-10-02 10:50:00-04:00,249.98370361328125,251.6000061035156,249.8159942626953,251.2198944091797,2317728,0.0,0.0
TSLA,2023-10-02 10:55:00-04:00,251.22000122070312,251.67999267578125,250.1999969482422,250.25,1949786,0.0,0.0
TSLA,2023-10-02 11:00:00-04:00,250.25,251.4499969482422,250.1199951171875,251.0998992919922,1378727,0.0,0.0
TSLA,2023-10-02 11:05:00-04:00,251.1000061035156,251.8000030517578,250.72999572753903,251.16000366210935,1338879,0.0,0.0
TSLA,2023-10-02 11:10:00-04:00,251.17999267578125,252.1499938964844,251.0500946044922,251.9550018310547,1653201,0.0,0.0
TSLA,2023-10-02 11:15:00-04:00,251.94000244140625,252.5,251.7700042724609,252.3090057373047,1321949,0.0,0.0
TSLA,2023-10-02 11:20:00-04:00,252.29840087890625,254.0,252.25,253.6999053955078,2285799,0.0,0.0
TSLA,2023-10-02 11:25:00-04:00,253.68499755859372,254.19000244140625,253.33999633789065,254.07000732421875,1547385,0.0,0.0
TSLA,2023-10-02 11:30:00-04:00,254.07000732421875,254.2799072265625,253.4409942626953,253.5,1408337,0.0,0.0
TSLA,2023-10-02 11:35:00-04:00,253.4700927734375,253.8498992919922,252.6100006103516,253.3300018310547,1551900,0.0,0.0
TSLA,2023-10-02 11:40:00-04:00,253.3101043701172,253.55999755859372,252.30999755859372,252.32000732421875,1466340,0.0,0.0
TSLA,2023-10-02 11:45:00-04:00,252.31370544433597,252.5345001220703,251.8500061035156,252.02999877929688,1332727,0.0,0.0
TSLA,2023-10-02 11:50:00-04:00,252.0200042724609,252.66000366210935,251.38999938964844,251.48989868164065,1613692,0.0,0.0
TSLA,2023-10-02 11:55:00-04:00,251.47950744628903,251.639892578125,251.13999938964844,251.42999267578125,1229104,0.0,0.0
TSLA,2023-10-02 12:00:00-04:00,251.4371032714844,252.39990234375,251.2700042724609,252.0500030517578,1313964,0.0,0.0
TSLA,2023-10-02 12:05:00-04:00,252.0399932861328,252.24989318847656,251.17999267578125,251.33999633789065,1062871,0.0,0.0
TSLA,2023-10-02 12:10:00-04:00,251.3000030517578,252.16000366210935,251.07000732421875,252.1199951171875,1070799,0.0,0.0
TSLA,2023-10-02 12:15:00-04:00,252.1000061035156,253.25,252.07000732421875,252.523193359375,1515930,0.0,0.0
TSLA,2023-10-02 12:20:00-04:00,252.57000732421875,252.9199981689453,252.39010620117188,252.5749969482422,868191,0.0,0.0
TSLA,2023-10-02 12:25:00-04:00,252.58920288085935,252.7899932861328,251.67999267578125,252.16000366210935,994102,0.0,0.0
TSLA,2023-10-02 12:30:00-04:00,252.16000366210935,252.6000061035156,251.8800048828125,252.27999877929688,883425,0.0,0.0
TSLA,2023-10-02 12:35:00-04:00,252.27999877929688,253.1199951171875,252.0200042724609,252.7801055908203,1165103,0.0,0.0
TSLA,2023-10-02 12:40:00-04:00,252.80999755859372,253.07000732421875,252.22999572753903,252.27999877929688,783863,0.0,0.0
TSLA,2023-10-02 12:45:00-04:00,252.30990600585935,252.5800018310547,251.75,251.80999755859372,970889,0.0,0.0
TSLA,2023-10-02 12:50:00-04:00,251.8500061035156,251.9199981689453,251.0500030517578,251.22999572753903,1100735,0.0,0.0
TSLA,2023-10-02 12:55:00-04:00,251.2700042724609,251.4199981689453,250.55999755859372,250.5977020263672,1162482,0.0,0.0
TSLA,2023-10-02 13:00:00-04:00,250.6000061035156,250.92999267578125,250.3600006103516,250.43499755859372,1112605,0.0,0.0
TSLA,2023-10-02 13:05:00-04:00,250.43499755859372,250.6750030517578,249.5,249.66000366210935,1736798,0.0,0.0
TSLA,2023-10-02 13:10:00-04:00,249.658203125,249.67999267578125,248.6199951171875,248.73480224609372,1626234,0.0,0.0
TSLA,2023-10-02 13:15:00-04:00,248.75999450683597,249.8999938964844,248.52999877929688,249.69000244140625,1551685,0.0,0.0
TSLA,2023-10-02 13:20:00-04:00,249.6876983642578,250.7400054931641,249.5399932861328,250.30499267578125,1345215,0.0,0.0
TSLA,2023-10-02 13:25:00-04:00,250.3014068603516,250.77999877929688,250.1114959716797,250.2899932861328,924999,0.0,0.0
TSLA,2023-10-02 13:30:00-04:00,250.32000732421875,250.57000732421875,249.55999755859372,249.80999755859372,989430,0.0,0.0
TSLA,2023-10-02 13:35:00-04:00,249.7700042724609,250.1699981689453,249.35009765625,249.4499969482422,894498,0.0,0.0
TSLA,2023-10-02 13:40:00-04:00,249.47000122070312,249.91000366210935,249.2200927734375,249.3300018310547,783129,0.0,0.0
TSLA,2023-10-02 13:45:00-04:00,249.30999755859372,249.6699981689453,248.75,249.15989685058597,976715,0.0,0.0
TSLA,2023-10-02 13:50:00-04:00,249.13800048828125,250.2100067138672,249.07139587402344,250.0453948974609,979267,0.0,0.0
TSLA,2023-10-02 13:55:00-04:00,250.0699005126953,250.17999267578125,249.22000122070312,249.4001007080078,839227,0.0,0.0
TSLA,2023-10-02 14:00:00-04:00,249.41749572753903,249.4900054931641,248.30999755859372,248.58999633789065,1224157,0.0,0.0
TSLA,2023-10-02 14:05:00-04:00,248.6199951171875,249.0738067626953,248.1000061035156,248.2899932861328,1059038,0.0,0.0
TSLA,2023-10-02 14:10:00-04:00,248.24009704589844,249.8800048828125,248.24009704589844,249.72999572753903,1145852,0.0,0.0
TSLA,2023-10-02 14:15:00-04:00,249.75999450683597,249.8800048828125,248.9499969482422,249.1000061035156,830265,0.0,0.0
TSLA,2023-10-02 14:20:00-04:00,249.08810424804688,249.6699981689453,248.77999877929688,249.6425018310547,954257,0.0,0.0
TSLA,2023-10-02 14:25:00-04:00,249.6573028564453,249.7550048828125,248.67999267578125,248.83200073242188,920559,0.0,0.0
TSLA,2023-10-02 14:30:00-04:00,248.8600006103516,249.2400054931641,248.72999572753903,249.1499938964844,703409,0.0,0.0
TSLA,2023-10-02 14:35:00-04:00,249.1450042724609,249.45989990234372,248.1499938964844,248.22720336914065,1003039,0.0,0.0
TSLA,2023-10-02 14:40:00-04:00,248.24400329589844,248.4069976806641,247.8800048828125,248.1450042724609,1007854,0.0,0.0
TSLA,2023-10-02 14:45:00-04:00,248.14669799804688,248.6000061035156,248.0,248.5608062744141,848037,0.0,0.0
TSLA,2023-10-02 14:50:00-04:00,248.5500030517578,248.8000030517578,248.2700042724609,248.46730041503903,921608,0.0,0.0
TSLA,2023-10-02 14:55:00-04:00,248.44000244140625,248.94000244140625,247.91000366210935,248.80999755859372,977020,0.0,0.0
TSLA,2023-10-02 15:00:00-04:00,248.7899932861328,249.00999450683597,248.07000732421875,248.2888946533203,879878,0.0,0.0
TSLA,2023-10-02 15:05:00-04:00,248.29969787597656,249.4900054931641,248.0500030517578,249.4300994873047,1085092,0.0,0.0
TSLA,2023-10-02 15:10:00-04:00,249.4300994873047,249.8600006103516,249.1100006103516,249.44000244140625,1190790,0.0,0.0
TSLA,2023-10-02 15:15:00-04:00,249.4250030517578,250.0200042724609,249.3401031494141,249.6300048828125,967597,0.0,0.0
TSLA,2023-10-02 15:20:00-04:00,249.6300048828125,250.6000061035156,249.5500030517578,250.4720001220703,1135853,0.0,0.0
TSLA,2023-10-02 15:25:00-04:00,250.4499969482422,250.452392578125,249.7449951171875,249.98989868164065,857340,0.0,0.0
TSLA,2023-10-02 15:30:00-04:00,249.9700927734375,250.99989318847656,249.8350067138672,250.8800048828125,999660,0.0,0.0
TSLA,2023-10-02 15:35:00-04:00,250.8809967041016,251.08999633789065,250.46139526367188,250.9199066162109,1108459,0.0,0.0
TSLA,2023-10-02 15:40:00-04:00,250.88999938964844,251.32000732421875,250.69000244140625,250.843994140625,1075721,0.0,0.0
TSLA,2023-10-02 15:45:00-04:00,250.84500122070312,251.19000244140625,250.4199981689453,250.6499938964844,942775,0.0,0.0
TSLA,2023-10-02 15:50:00-04:00,250.68499755859372,251.17999267578125,250.1699981689453,251.1221923828125,1123203,0.0,0.0
TSLA,2023-10-02 15:55:00-04:00,251.19000244140625,251.75,251.0399932861328,251.61720275878903,2062523,0.0,0.0
TSLA,2023-10-02 16:00:00-04:00,251.63,251.88,251.42,251.71,0,0.0,0.0
TSLA,2023-10-02 16:05:00-04:00,251.69,251.91,251.04,251.46,0,0.0,0.0
TSLA,2023-10-02 16:10:00-04:00,251.385,251.46,222.85432,251.32,0,0.0,0.0
TSLA,2023-10-02 16:15:00-04:00,251.14,251.6,251.14,251.34,0,0.0,0.0
TSLA,2023-10-02 16:20:00-04:00,251.34,251.6,251.2,251.28,0,0.0,0.0
TSLA,2023-10-02 16:25:00-04:00,251.28,251.65,251.27,251.57,0,0.0,0.0
TSLA,2023-10-02 16:30:00-04:00,251.56,251.75,251.4,251.52,0,0.0,0.0
TSLA,2023-10-02 16:35:00-04:00,251.49,251.65,251.3,251.46,0,0.0,0.0
TSLA,2023-10-02 16:40:00-04:00,251.49,251.65,251.42,251.55,0,0.0,0.0
TSLA,2023-10-02 16:45:00-04:00,251.565,251.69,251.42,251.6,0,0.0,0.0
TSLA,2023-10-02 16:50:00-04:00,251.57,251.71,251.52,251.69,0,0.0,0.0
TSLA,2023-10-02 16:55:00-04:00,251.69,251.71,251.42,251.46,0,0.0,0.0
TSLA,2023-10-02 17:00:00-04:00,251.47,251.5,251.39,251.41,0,0.0,0.0
TSLA,2023-10-02 17:05:00-04:00,251.43,251.48,251.3,251.37,0,0.0,0.0
TSLA,2023-10-02 17:10:00-04:00,251.32,251.57,251.32,251.45,0,0.0,0.0
TSLA,2023-10-02 17:15:00-04:00,251.48,251.55,251.15,251.325,0,0.0,0.0
TSLA,2023-10-02 17:20:00-04:00,251.3,251.49,250.7,251.09,0,0.0,0.0
TSLA,2023-10-02 17:25:00-04:00,251.09,251.24,250.8,251.05,0,0.0,0.0
TSLA,2023-10-02 17:30:00-04:00,251.115,273.38828,177.9673,251.04,0,0.0,0.0
TSLA,2023-10-02 17:35:00-04:00,251.04,286.94,183.2551,251.1,0,0.0,0.0
TSLA,2023-10-02 17:40:00-04:00,251.05,251.3,251.05,251.15,0,0.0,0.0
TSLA,2023-10-02 17:45:00-04:00,251.22,300.29443,251.13,251.13,0,0.0,0.0
TSLA,2023-10-02 17:50:00-04:00,251.21,300.29443,234.6474,251.15,0,0.0,0.0
TSLA,2023-10-02 17:55:00-04:00,251.15,280.0,177.9673,251.225,0,0.0,0.0
TSLA,2023-10-02 18:00:00-04:00,251.225,251.3,250.92,250.975,0,0.0,0.0
TSLA,2023-10-02 18:05:00-04:00,251.0,251.6,250.9,251.095,0,0.0,0.0
TSLA,2023-10-02 18:10:00-04:00,251.095,251.19,250.85,251.08,0,0.0,0.0
TSLA,2023-10-02 18:15:00-04:00,251.0,251.09,251.0,251.05,0,0.0,0.0
TSLA,2023-10-02 18:20:00-04:00,251.05,251.16,250.91,251.13,0,0.0,0.0
TSLA,2023-10-02 18:25:00-04:00,251.13,251.2,250.96,251.16,0,0.0,0.0
TSLA,2023-10-02 18:30:00-04:00,251.18,251.25,251.15,251.22,0,0.0,0.0
TSLA,2023-10-02 18:35:00-04:00,251.175,251.22,251.1,251.2,0,0.0,0.0
TSLA,2023-10-02 18:40:00-04:00,251.2,251.29,251.15,251.2,0,0.0,0.0
TSLA,2023-10-02 18:45:00-04:00,251.28,251.29,251.2,251.235,0,0.0,0.0
TSLA,2023-10-02 18:50:00-04:00,251.25,251.31,251.21,251.31,0,0.0,0.0
TSLA,2023-10-02 18:55:00-04:00,251.295,251.34,251.1639,251.28,0,0.0,0.0
TSLA,2023-10-02 19:00:00-04:00,251.28,251.6,251.28,251.55,0,0.0,0.0
TSLA,2023-10-02 19:05:00-04:00,251.55,251.6,251.4,251.51,0,0.0,0.0
TSLA,2023-10-02 19:10:00-04:00,251.55,251.69,251.54,251.59,0,0.0,0.0
TSLA,2023-10-02 19:15:00-04:00,251.59,251.63,251.35,251.5,0,0.0,0.0
TSLA,2023-10-02 19:20:00-04:00,251.495,251.59,251.42,251.545,0,0.0,0.0
TSLA,2023-10-02 19:25:00-04:00,251.56,251.6,251.49,251.51,0,0.0,0.0
TSLA,2023-10-02 19:30:00-04:00,251.5,251.65,251.45,251.59,0,0.0,0.0
TSLA,2023-10-02 19:35:00-04:00,251.59,251.62,251.52,251.6,0,0.0,0.0
TSLA,2023-10-02 19:40:00-04:00,251.61,251.65,251.56,251.62,0,0.0,0.0
TSLA,2023-10-02 19:45:00-04:00,251.61,251.78,251.6,251.75,0,0.0,0.0
TSLA,2023-10-02 19:50:00-04:00,251.78,251.8,251.72,251.75,0,0.0,0.0
TSLA,2023-10-02 19:55:00-04:00,251.73,251.85,251.6,251.83,0,0.0,0.0
GOOG,2023-10-02 04:00:00-04:00,132.23,133.2,132.23,133.03,0,0.0,0.0
GOOG,2023-10-02 04:05:00-04:00,132.97,133.0,132.78,132.9,0,0.0,0.0
GOOG,2023-10-02 04:10:00-04:00,132.75,132.85,132.75,132.85,0,0.0,0.0
GOOG,2023-10-02 04:15:00-04:00,132.76,132.93,132.76,132.86,0,0.0,0.0
GOOG,2023-10-02 04:20:00-04:00,132.96,133.0,132.86,132.88,0,0.0,0.0
GOOG,2023-10-02 04:25:00-04:00,132.97,133.0,132.9,132.9,0,0.0,0.0
GOOG,2023-10-02 04:30:00-04:00,132.94,132.96,132.89,132.96,0,0.0,0.0
GOOG,2023-10-02 04:35:00-04:00,132.97,133.02,132.94,133.0,0,0.0,0.0
GOOG,2023-10-02 04:40:00-04:00,132.91,133.07,132.87,132.96,0,0.0,0.0
GOOG,2023-10-02 04:45:00-04:00,132.9,132.93,132.85,132.86,0,0.0,0.0
GOOG,2023-10-02 04:50:00-04:00,132.91,132.91,132.82,132.82,0,0.0,0.0
GOOG,2023-10-02 04:55:00-04:00,132.8,132.82,132.71,132.71,0,0.0,0.0
GOOG,2023-10-02 05:00:00-04:00,132.71,132.71,132.52,132.55,0,0.0,0.0
GOOG,2023-10-02 05:05:00-04:00,132.52,132.55,132.35,132.49,0,0.0,0.0
GOOG,2023-10-02 05:10:00-04:00,132.49,132.62,132.49,132.62,0,0.0,0.0
GOOG,2023-10-02 05:15:00-04:00,132.6,132.6,132.6,132.6,0,0.0,0.0
GOOG,2023-10-02 05:20:00-04:00,132.69,132.69,132.69,132.69,0,0.0,0.0
GOOG,2023-10-02 05:25:00-04:00,132.63,132.66,132.52,132.52,0,0.0,0.0
GOOG,2023-10-02 05:30:00-04:00,132.52,132.55,132.4,132.46,0,0.0,0.0
GOOG,2023-10-02 05:35:00-04:00,132.48,132.48,132.36,132.4,0,0.0,0.0
GOOG,2023-10-02 05:40:00-04:00,132.38,132.4,132.25,132.3,0,0.0,0.0
GOOG,2023-10-02 05:45:00-04:00,132.28,132.28,131.71,131.8,0,0.0,0.0
GOOG,2023-10-02 05:50:00-04:00,131.8,131.96,131.51,131.69,0,0.0,0.0
GOOG,2023-10-02 05:55:00-04:00,131.73,131.73,131.62,131.62,0,0.0,0.0
GOOG,2023-10-02 06:00:00-04:00,131.82,131.82,131.61,131.75,0,0.0,0.0
GOOG,2023-10-02 06:05:00-04:00,131.8,131.9,131.7,131.75,0,0.0,0.0
GOOG,2023-10-02 06:10:00-04:00,131.85,131.85,131.33,131.51,0,0.0,0.0
GOOG,2023-10-02 06:20:00-04:00,131.84,131.85,131.84,131.85,0,0.0,0.0
GOOG,2023-10-02 06:25:00-04:00,131.81,131.84,131.45,131.52,0,0.0,0.0
GOOG,2023-10-02 06:30:00-04:00,131.65,131.65,131.47,131.57,0,0.0,0.0
GOOG,2023-10-02 06:35:00-04:00,131.51,131.53,131.46,131.53,0,0.0,0.0
GOOG,2023-10-02 06:40:00-04:00,131.5,131.5,131.5,131.5,0,0.0,0.0
GOOG,2023-10-02 06:45:00-04:00,131.51,131.53,131.45,131.52,0,0.0,0.0
GOOG,2023-10-02 06:50:00-04:00,131.52,131.66,131.4,131.66,0,0.0,0.0
GOOG,2023-10-02 06:55:00-04:00,131.64,131.66,131.36,131.52,0,0.0,0.0
GOOG,2023-10-02 07:00:00-04:00,131.59,131.71,131.5,131.65,0,0.0,0.0
GOOG,2023-10-02 07:05:00-04:00,131.6,131.65,131.4,131.65,0,0.0,0.0
GOOG,2023-10-02 07:10:00-04:00,131.59,131.65,131.5,131.65,0,0.0,0.0
GOOG,2023-10-02 07:15:00-04:00,131.62,131.69,131.58,131.69,0,0.0,0.0
GOOG,2023-10-02 07:20:00-04:00,131.72,131.83,131.72,131.75,0,0.0,0.0
GOOG,2023-10-02 07:25:00-04:00,131.8,131.86,131.75,131.83,0,0.0,0.0
GOOG,2023-10-02 07:30:00-04:00,131.78,131.78,131.5,131.53,0,0.0,0.0
GOOG,2023-10-02 07:35:00-04:00,131.6,131.6,131.55,131.55,0,0.0,0.0
GOOG,2023-10-02 07:40:00-04:00,131.56,131.61,131.43,131.43,0,0.0,0.0
GOOG,2023-10-02 07:45:00-04:00,131.43,131.43,131.26,131.29,0,0.0,0.0
GOOG,2023-10-02 07:50:00-04:00,131.44,131.44,131.36,131.36,0,0.0,0.0
GOOG,2023-10-02 07:55:00-04:00,131.37,131.48,131.37,131.48,0,0.0,0.0
GOOG,2023-10-02 08:00:00-04:00,131.43,133.02,131.08,131.29,0,0.0,0.0
GOOG,2023-10-02 08:05:00-04:00,131.24,131.35,131.15,131.35,0,0.0,0.0
GOOG,2023-10-02 08:10:00-04:00,131.27,131.49,131.27,131.41,0,0.0,0.0
GOOG,2023-10-02 08:15:00-04:00,131.42,131.42,131.2,131.32,0,0.0,0.0
GOOG,2023-10-02 08:20:00-04:00,131.27,131.29,131.01,131.03,0,0.0,0.0
GOOG,2023-10-02 08:25:00-04:00,131.11,131.375,130.95,131.03,0,0.0,0.0
GOOG,2023-10-02 08:30:00-04:00,130.99,131.266,130.99,131.266,0,0.0,0.0
GOOG,2023-10-02 08:35:00-04:00,131.25,131.43,131.17,131.43,0,0.0,0.0
GOOG,2023-10-02 08:40:00-04:00,131.36,131.5,131.22,131.39,0,0.0,0.0
GOOG,2023-10-02 08:45:00-04:00,131.39,131.43,131.25,131.31,0,0.0,0.0
GOOG,2023-10-02 08:50:00-04:00,131.25,131.39,131.13,131.23,0,0.0,0.0
GOOG,2023-10-02 08:55:00-04:00,131.11,131.36,131.11,131.27,0,0.0,0.0
GOOG,2023-10-02 09:00:00-04:00,131.25,131.46,131.21,131.23,0,0.0,0.0
GOOG,2023-10-02 09:05:00-04:00,131.2,131.29,131.07,131.12,0,0.0,0.0
GOOG,2023-10-02 09:10:00-04:00,131.15,131.56,131.15,131.49,0,0.0,0.0
GOOG,2023-10-02 09:30:00-04:00,132.15499877929688,133.2100067138672,132.06500244140625,133.14999389648438,1297491,0.0,0.0
GOOG,2023-10-02 09:35:00-04:00,133.16000366210938,133.92999267578125,132.9219970703125,133.76499938964844,436079,0.0,0.0
GOOG,2023-10-02 09:40:00-04:00,133.77999877929688,134.05999755859375,133.69000244140625,134.02999877929688,338319,0.0,0.0
GOOG,2023-10-02 09:45:00-04:00,134.02000427246094,134.22000122070312,133.72500610351562,133.76499938964844,463678,0.0,0.0
GOOG,2023-10-02 09:50:00-04:00,133.76499938964844,134.02499389648438,133.4499969482422,133.6802978515625,316088,0.0,0.0
GOOG,2023-10-02 09:55:00-04:00,133.67999267578125,133.80990600585938,133.49000549316406,133.49000549316406,182929,0.0,0.0
GOOG,2023-10-02 10:00:00-04:00,133.5,134.5399932861328,133.38999938964844,134.38079833984375,510228,0.0,0.0
GOOG,2023-10-02 10:05:00-04:00,134.3800048828125,134.49000549316406,134.1300048828125,134.1999969482422,221892,0.0,0.0
GOOG,2023-10-02 10:10:00-04:00,134.2100067138672,134.2584991455078,133.64999389648438,133.6699981689453,206293,0.0,0.0
GOOG,2023-10-02 10:15:00-04:00,133.67999267578125,134.12899780273438,133.67999267578125,133.86000061035156,270913,0.0,0.0
GOOG,2023-10-02 10:20:00-04:00,133.86000061035156,134.27499389648438,133.72999572753906,134.25999450683594,269605,0.0,0.0
GOOG,2023-10-02 10:25:00-04:00,134.25999450683594,134.50999450683594,133.88999938964844,133.97999572753906,303546,0.0,0.0
GOOG,2023-10-02 10:30:00-04:00,133.99000549316406,134.50999450683594,133.77000427246094,134.35000610351562,284852,0.0,0.0
GOOG,2023-10-02 10:35:00-04:00,134.36000061035156,134.4550018310547,134.2100067138672,134.3800048828125,196511,0.0,0.0
GOOG,2023-10-02 10:40:00-04:00,134.5,134.5399932861328,134.10000610351562,134.27999877929688,231963,0.0,0.0
GOOG,2023-10-02 10:45:00-04:00,134.30999755859375,134.60000610351562,134.25,134.47999572753906,242037,0.0,0.0
GOOG,2023-10-02 10:50:00-04:00,134.47000122070312,134.75999450683594,134.46499633789062,134.49000549316406,258773,0.0,0.0
GOOG,2023-10-02 10:55:00-04:00,134.49000549316406,134.55999755859375,134.19500732421875,134.31619262695312,199616,0.0,0.0
GOOG,2023-10-02 11:00:00-04:00,134.3300018310547,134.64999389648438,134.27999877929688,134.54010009765625,215033,0.0,0.0
GOOG,2023-10-02 11:05:00-04:00,134.5399932861328,134.60000610351562,134.36500549316406,134.51010131835938,174880,0.0,0.0
GOOG,2023-10-02 11:10:00-04:00,134.50999450683594,134.82000732421875,134.38999938964844,134.80999755859375,209530,0.0,0.0
GOOG,2023-10-02 11:15:00-04:00,134.8000030517578,134.8809051513672,134.58999633789062,134.72000122070312,269071,0.0,0.0
GOOG,2023-10-02 11:20:00-04:00,134.7100067138672,135.25999450683594,134.7100067138672,135.22000122070312,376963,0.0,0.0
GOOG,2023-10-02 11:25:00-04:00,135.22999572753906,135.36000061035156,135.1750030517578,135.2050018310547,259544,0.0,0.0
GOOG,2023-10-02 11:30:00-04:00,135.22000122070312,135.25999450683594,134.9149932861328,134.9199981689453,181641,0.0,0.0
GOOG,2023-10-02 11:35:00-04:00,134.91000366210938,135.0,134.6999969482422,134.77999877929688,206458,0.0,0.0
GOOG,2023-10-02 11:40:00-04:00,134.77000427246094,134.88999938964844,134.5500030517578,134.5500030517578,160734,0.0,0.0
GOOG,2023-10-02 11:45:00-04:00,134.5500030517578,134.6300048828125,134.49000549316406,134.5399932861328,127802,0.0,0.0
GOOG,2023-10-02 11:50:00-04:00,134.52999877929688,134.60009765625,134.11500549316406,134.22000122070312,182200,0.0,0.0
GOOG,2023-10-02 11:55:00-04:00,134.1999969482422,134.30810546875,134.0500030517578,134.22000122070312,152968,0.0,0.0
GOOG,2023-10-02 12:00:00-04:00,134.22000122070312,134.25,134.07000732421875,134.22000122070312,120495,0.0,0.0
GOOG,2023-10-02 12:05:00-04:00,134.22000122070312,134.25,133.85000610351562,133.97999572753906,180663,0.0,0.0
GOOG,2023-10-02 12:10:00-04:00,133.97000122070312,134.1999969482422,133.85000610351562,134.19000244140625,133876,0.0,0.0
GOOG,2023-10-02 12:15:00-04:00,134.19000244140625,134.3350067138672,134.0399932861328,134.0500030517578,135655,0.0,0.0
GOOG,2023-10-02 12:20:00-04:00,134.07000732421875,134.3800048828125,134.0500030517578,134.3800048828125,89534,0.0,0.0
GOOG,2023-10-02 12:25:00-04:00,134.37010192871094,134.47500610351562,134.07080078125,134.22000122070312,138991,0.0,0.0
GOOG,2023-10-02 12:30:00-04:00,134.1999969482422,134.24000549316406,134.02999877929688,134.2100067138672,111108,0.0,0.0
GOOG,2023-10-02 12:35:00-04:00,134.1999969482422,134.36419677734375,134.08999633789062,134.22000122070312,96110,0.0,0.0
GOOG,2023-10-02 12:40:00-04:00,134.2100067138672,134.2899932861328,134.0399932861328,134.0399932861328,74412,0.0,0.0
GOOG,2023-10-02 12:45:00-04:00,134.0399932861328,134.3800048828125,134.00999450683594,134.0449981689453,109550,0.0,0.0
GOOG,2023-10-02 12:50:00-04:00,134.04249572753906,134.1300048828125,133.9687042236328,134.07000732421875,101768,0.0,0.0
GOOG,2023-10-02 12:55:00-04:00,134.07000732421875,134.1699981689453,134.0050048828125,134.09500122070312,99525,0.0,0.0
GOOG,2023-10-02 13:00:00-04:00,134.10000610351562,134.11500549316406,133.94000244140625,133.97999572753906,126826,0.0,0.0
GOOG,2023-10-02 13:05:00-04:00,133.99000549316406,134.00999450683594,133.74000549316406,133.82000732421875,131001,0.0,0.0
GOOG,2023-10-02 13:10:00-04:00,133.80999755859375,133.83999633789062,133.49000549316406,133.5399932861328,117935,0.0,0.0
GOOG,2023-10-02 13:15:00-04:00,133.5467987060547,133.97000122070312,133.5467987060547,133.94000244140625,148028,0.0,0.0
GOOG,2023-10-02 13:20:00-04:00,133.92999267578125,134.1699981689453,133.92999267578125,134.08999633789062,144469,0.0,0.0
GOOG,2023-10-02 13:25:00-04:00,134.08999633789062,134.125,133.9600067138672,134.0500030517578,136950,0.0,0.0
GOOG,2023-10-02 13:30:00-04:00,134.08999633789062,134.1999969482422,133.8800048828125,133.88999938964844,112753,0.0,0.0
GOOG,2023-10-02 13:35:00-04:00,133.8874969482422,134.0399932861328,133.8874969482422,133.97000122070312,73931,0.0,0.0
GOOG,2023-10-02 13:40:00-04:00,133.97000122070312,134.1999969482422,133.9600067138672,134.17999267578125,88881,0.0,0.0
GOOG,2023-10-02 13:45:00-04:00,134.1699981689453,134.2899932861328,134.16000366210938,134.22999572753906,106360,0.0,0.0
GOOG,2023-10-02 13:50:00-04:00,134.22000122070312,134.3498992919922,134.2050018310547,134.30999755859375,95089,0.0,0.0
GOOG,2023-10-02 13:55:00-04:00,134.30999755859375,134.36000061035156,133.9199981689453,133.97999572753906,157825,0.0,0.0
GOOG,2023-10-02 14:00:00-04:00,133.97000122070312,134.11500549316406,133.86000061035156,134.00999450683594,100021,0.0,0.0
GOOG,2023-10-02 14:05:00-04:00,134.02000427246094,134.39500427246094,133.97999572753906,134.3300018310547,114432,0.0,0.0
GOOG,2023-10-02 14:10:00-04:00,134.33999633789062,134.64999389648438,134.31019592285156,134.63999938964844,163600,0.0,0.0
GOOG,2023-10-02 14:15:00-04:00,134.63499450683594,134.66000366210938,134.36399841308594,134.36399841308594,140301,0.0,0.0
GOOG,2023-10-02 14:20:00-04:00,134.35000610351562,134.36000061035156,134.0800018310547,134.1699981689453,110998,0.0,0.0
GOOG,2023-10-02 14:25:00-04:00,134.17999267578125,134.2050018310547,133.89999389648438,133.91000366210938,105762,0.0,0.0
GOOG,2023-10-02 14:30:00-04:00,133.94500732421875,134.0500030517578,133.91000366210938,133.9600067138672,91137,0.0,0.0
GOOG,2023-10-02 14:35:00-04:00,133.97000122070312,134.14999389648438,133.95899963378906,133.97000122070312,86374,0.0,0.0
GOOG,2023-10-02 14:40:00-04:00,133.97000122070312,134.0500030517578,133.86000061035156,134.0,105259,0.0,0.0
GOOG,2023-10-02 14:45:00-04:00,133.99000549316406,134.17999267578125,133.97000122070312,134.10000610351562,92112,0.0,0.0
GOOG,2023-10-02 14:50:00-04:00,134.11000061035156,134.27999877929688,134.06100463867188,134.08999633789062,85631,0.0,0.0
GOOG,2023-10-02 14:55:00-04:00,134.0800018310547,134.14999389648438,133.9949951171875,134.11000061035156,106531,0.0,0.0
GOOG,2023-10-02 15:00:00-04:00,134.08999633789062,134.27999877929688,133.9600067138672,134.0800018310547,159333,0.0,0.0
GOOG,2023-10-02 15:05:00-04:00,134.0800018310547,134.3000030517578,133.94500732421875,134.16000366210938,150141,0.0,0.0
GOOG,2023-10-02 15:10:00-04:00,134.1699981689453,134.17999267578125,133.88999938964844,133.99000549316406,173799,0.0,0.0
GOOG,2023-10-02 15:15:00-04:00,133.97999572753906,134.1999969482422,133.97999572753906,134.07000732421875,126589,0.0,0.0
GOOG,2023-10-02 15:20:00-04:00,134.0500030517578,134.4499053955078,134.02000427246094,134.3800048828125,160640,0.0,0.0
GOOG,2023-10-02 15:25:00-04:00,134.3699951171875,134.38499450683594,134.14999389648438,134.3300018310547,150405,0.0,0.0
GOOG,2023-10-02 15:30:00-04:00,134.3249969482422,134.72000122070312,134.2899932861328,134.69000244140625,240249,0.0,0.0
GOOG,2023-10-02 15:35:00-04:00,134.6999969482422,134.77999877929688,134.57000732421875,134.75999450683594,210879,0.0,0.0
GOOG,2023-10-02 15:40:00-04:00,134.77000427246094,134.8000030517578,134.60000610351562,134.6699981689453,280425,0.0,0.0
GOOG,2023-10-02 15:45:00-04:00,134.6649932861328,134.90499877929688,134.66000366210938,134.69000244140625,264570,0.0,0.0
GOOG,2023-10-02 15:50:00-04:00,134.69000244140625,135.07000732421875,134.6199951171875,135.05499267578125,730175,0.0,0.0
GOOG,2023-10-02 15:55:00-04:00,135.0675048828125,135.3009033203125,134.98500061035156,135.17999267578125,1128297,0.0,0.0
GOOG,2023-10-02 16:00:00-04:00,135.18,135.42,135.06,135.31,0,0.0,0.0
GOOG,2023-10-02 16:05:00-04:00,135.3,135.38,134.361,135.29,0,0.0,0.0
GOOG,2023-10-02 16:10:00-04:00,135.27,135.3,131.85,135.25,0,0.0,0.0
GOOG,2023-10-02 16:15:00-04:00,135.17,135.33,135.17,135.27,0,0.0,0.0
GOOG,2023-10-02 16:20:00-04:00,135.3,135.3,135.19,135.19,0,0.0,0.0
GOOG,2023-10-02 16:25:00-04:00,135.25,135.29,135.2499,135.29,0,0.0,0.0
GOOG,2023-10-02 16:30:00-04:00,135.25,135.29,135.25,135.29,0,0.0,0.0
GOOG,2023-10-02 16:35:00-04:00,135.29,135.3,135.25,135.26,0,0.0,0.0
GOOG,2023-10-02 16:40:00-04:00,135.3,135.34,135.25,135.3351,0,0.0,0.0
GOOG,2023-10-02 16:45:00-04:00,135.28,135.33,135.27,135.3,0,0.0,0.0
GOOG,2023-10-02 16:50:00-04:00,135.3,135.3,135.3,135.3,0,0.0,0.0
GOOG,2023-10-02 16:55:00-04:00,135.3,135.33,135.17,135.27,0,0.0,0.0
GOOG,2023-10-02 17:00:00-04:00,135.28,135.31,135.27,135.2712,0,0.0,0.0
GOOG,2023-10-02 17:05:00-04:00,135.27,135.31,135.245,135.28,0,0.0,0.0
GOOG,2023-10-02 17:10:00-04:00,135.25,135.31,135.25,135.26,0,0.0,0.0
GOOG,2023-10-02 17:15:00-04:00,135.3,135.3,135.2307,135.3,0,0.0,0.0
GOOG,2023-10-02 17:20:00-04:00,135.21,135.3,135.21,135.225,0,0.0,0.0
GOOG,2023-10-02 17:25:00-04:00,135.22,135.29,135.15,135.2,0,0.0,0.0
GOOG,2023-10-02 17:30:00-04:00,135.2,135.2,135.15,135.17,0,0.0,0.0
GOOG,2023-10-02 17:35:00-04:00,135.15,135.23,135.15,135.215,0,0.0,0.0
GOOG,2023-10-02 17:40:00-04:00,135.23,135.2792,135.205,135.26,0,0.0,0.0
GOOG,2023-10-02 17:45:00-04:00,135.26,135.26,135.15,135.17,0,0.0,0.0
GOOG,2023-10-02 17:50:00-04:00,135.26,135.27,134.14447,135.27,0,0.0,0.0
GOOG,2023-10-02 17:55:00-04:00,135.21,144.47952,135.21,135.26,0,0.0,0.0
GOOG,2023-10-02 18:00:00-04:00,135.26,135.3,135.21,135.25,0,0.0,0.0
GOOG,2023-10-02 18:05:00-04:00,135.22,135.29,135.17,135.17,0,0.0,0.0
GOOG,2023-10-02 18:10:00-04:00,135.28,135.3,135.23,135.3,0,0.0,0.0
GOOG,2023-10-02 18:15:00-04:00,135.26,135.28,135.25,135.28,0,0.0,0.0
GOOG,2023-10-02 18:20:00-04:00,135.22,135.3,135.22,135.29,0,0.0,0.0
GOOG,2023-10-02 18:25:00-04:00,135.27,135.29,135.25,135.27,0,0.0,0.0
GOOG,2023-10-02 18:30:00-04:00,135.27,135.29,135.24,135.29,0,0.0,0.0
GOOG,2023-10-02 18:35:00-04:00,135.29,135.3,135.24,135.29,0,0.0,0.0
GOOG,2023-10-02 18:40:00-04:00,135.29,135.29,135.23,135.25,0,0.0,0.0
GOOG,2023-10-02 18:45:00-04:00,135.23,135.29,135.23,135.29,0,0.0,0.0
GOOG,2023-10-02 18:50:00-04:00,135.27,135.3,135.24,135.3,0,0.0,0.0
GOOG,2023-10-02 18:55:00-04:00,135.28,135.28,135.2,135.28,0,0.0,0.0
GOOG,2023-10-02 19:00:00-04:00,135.29,135.4,135.27,135.33,0,0.0,0.0
GOOG,2023-10-02 19:05:00-04:00,135.35,135.4,135.26,135.26,0,0.0,0.0
GOOG,2023-10-02 19:10:00-04:00,135.4,135.4,135.3,135.3,0,0.0,0.0
GOOG,2023-10-02 19:15:00-04:00,135.39,135.42,135.3,135.33,0,0.0,0.0
GOOG,2023-10-02 19:20:00-04:00,135.26,135.3,135.25,135.25,0,0.0,0.0
GOOG,2023-10-02 19:25:00-04:00,135.33,135.33,135.21,135.23,0,0.0,0.0
GOOG,2023-10-02 19:30:00-04:00,135.23,135.23,135.14,135.14,0,0.0,0.0
GOOG,2023-10-02 19:35:00-04:00,135.39,135.39,135.15,135.32,0,0.0,0.0
GOOG,2023-10-02 19:40:00-04:00,135.28,135.29,135.28,135.29,0,0.0,0.0
GOOG,2023-10-02 19:45:00-04:00,135.3,135.33,135.28,135.28,0,0.0,0.0
GOOG,2023-10-02 19:50:00-04:00,135.28,135.28,135.18,135.18,0,0.0,0.0
GOOG,2023-10-02 19:55:00-04:00,135.28,135.295,135.17,135.27,0,0.0,0.0
AAPL,2023-10-02 04:00:00-04:00,172.19,173.0,171.71,172.9,0,0.0,0.0
AAPL,2023-10-02 04:05:00-04:00,172.87,172.94,172.79,172.82,0,0.0,0.0
AAPL,2023-10-02 04:10:00-04:00,172.82,172.83,172.52,172.61,0,0.0,0.0
AAPL,2023-10-02 04:15:00-04:00,172.53,172.56,172.33,172.47,0,0.0,0.0
AAPL,2023-10-02 04:20:00-04:00,172.47,172.55,172.42,172.54,0,0.0,0.0
AAPL,2023-10-02 04:25:00-04:00,172.54,172.59,172.51,172.54,0,0.0,0.0
AAPL,2023-10-02 04:30:00-04:00,172.55,172.59,172.53,172.59,0,0.0,0.0
AAPL,2023-10-02 04:35:00-04:00,172.59,172.67,172.56,172.65,0,0.0,0.0
AAPL,2023-10-02 04:40:00-04:00,172.66,172.68,172.59,172.61,0,0.0,0.0
AAPL,2023-10-02 04:45:00-04:00,172.61,172.78,172.61,172.76,0,0.0,0.0
AAPL,2023-10-02 04:50:00-04:00,172.76,172.76,172.63,172.68,0,0.0,0.0
AAPL,2023-10-02 04:55:00-04:00,172.63,172.65,172.5,172.51,0,0.0,0.0
AAPL,2023-10-02 05:00:00-04:00,172.52,172.52,172.37,172.38,0,0.0,0.0
AAPL,2023-10-02 05:05:00-04:00,172.35,172.35,172.1,172.22,0,0.0,0.0
AAPL,2023-10-02 05:10:00-04:00,172.3,172.39,172.23,172.32,0,0.0,0.0
AAPL,2023-10-02 05:15:00-04:00,172.3,172.3,171.9,171.99,0,0.0,0.0
AAPL,2023-10-02 05:20:00-04:00,171.96,172.1,171.96,172.07,0,0.0,0.0
AAPL,2023-10-02 05:25:00-04:00,172.08,172.09,171.9,172.0,0,0.0,0.0
AAPL,2023-10-02 05:30:00-04:00,171.98,172.29,171.96,172.19,0,0.0,0.0
AAPL,2023-10-02 05:35:00-04:00,172.19,172.2,172.04,172.08,0,0.0,0.0
AAPL,2023-10-02 05:40:00-04:00,172.04,172.09,171.55,172.03,0,0.0,0.0
AAPL,2023-10-02 05:45:00-04:00,172.07,172.14,171.5,171.54,0,0.0,0.0
AAPL,2023-10-02 05:50:00-04:00,171.62,171.79,171.37,171.51,0,0.0,0.0
AAPL,2023-10-02 05:55:00-04:00,171.62,171.62,171.3,171.38,0,0.0,0.0
AAPL,2023-10-02 06:00:00-04:00,171.38,171.6,171.33,171.56,0,0.0,0.0
AAPL,2023-10-02 06:05:00-04:00,171.54,171.67,171.49,171.49,0,0.0,0.0
AAPL,2023-10-02 06:10:00-04:00,171.52,171.52,171.03,171.3,0,0.0,0.0
AAPL,2023-10-02 06:15:00-04:00,171.3,171.63,171.23,171.63,0,0.0,0.0
AAPL,2023-10-02 06:20:00-04:00,171.61,171.68,171.54,171.65,0,0.0,0.0
AAPL,2023-10-02 06:25:00-04:00,171.62,171.65,171.21,171.37,0,0.0,0.0
AAPL,2023-10-02 06:30:00-04:00,171.32,171.4,171.24,171.39,0,0.0,0.0
AAPL,2023-10-02 06:35:00-04:00,171.41,171.46,171.31,171.46,0,0.0,0.0
AAPL,2023-10-02 06:40:00-04:00,171.38,171.41,171.32,171.33,0,0.0,0.0
AAPL,2023-10-02 06:45:00-04:00,171.41,171.46,171.27,171.34,0,0.0,0.0
AAPL,2023-10-02 06:50:00-04:00,171.35,171.35,171.04,171.3,0,0.0,0.0
AAPL,2023-10-02 06:55:00-04:00,171.3,171.35,171.06,171.3,0,0.0,0.0
AAPL,2023-10-02 07:00:00-04:00,171.32,171.4,171.2,171.25,0,0.0,0.0
AAPL,2023-10-02 07:05:00-04:00,171.25,171.36,171.22,171.33,0,0.0,0.0
AAPL,2023-10-02 07:10:00-04:00,171.37,171.45,171.32,171.4,0,0.0,0.0
AAPL,2023-10-02 07:15:00-04:00,171.44,171.59,171.44,171.58,0,0.0,0.0
AAPL,2023-10-02 07:20:00-04:00,171.59,171.87,171.58,171.81,0,0.0,0.0
AAPL,2023-10-02 07:25:00-04:00,171.85,171.98,171.85,171.94,0,0.0,0.0
AAPL,2023-10-02 07:30:00-04:00,171.94,171.94,171.6,171.69,0,0.0,0.0
AAPL,2023-10-02 07:35:00-04:00,171.71,171.87,171.71,171.81,0,0.0,0.0
AAPL,2023-10-02 07:40:00-04:00,171.83,171.83,171.45,171.47,0,0.0,0.0
AAPL,2023-10-02 07:45:00-04:00,171.47,171.52,171.28,171.42,0,0.0,0.0
AAPL,2023-10-02 07:50:00-04:00,171.41,171.56,171.41,171.44,0,0.0,0.0
AAPL,2023-10-02 07:55:00-04:00,171.45,171.58,171.43,171.54,0,0.0,0.0
AAPL,2023-10-02 08:00:00-04:00,171.38,173.22,171.045,171.4,0,0.0,0.0
AAPL,2023-10-02 08:05:00-04:00,171.43,171.48,171.3,171.37,0,0.0,0.0
AAPL,2023-10-02 08:10:00-04:00,171.41,171.585,171.37,171.46,0,0.0,0.0
AAPL,2023-10-02 08:15:00-04:00,171.515,171.52,171.26,171.38,0,0.0,0.0
AAPL,2023-10-02 08:20:00-04:00,171.37,171.49,171.06,171.16,0,0.0,0.0
AAPL,2023-10-02 08:25:00-04:00,171.156,171.42,171.08,171.315,0,0.0,0.0
AAPL,2023-10-02 08:30:00-04:00,171.315,171.42,171.25,171.315,0,0.0,0.0
AAPL,2023-10-02 08:35:00-04:00,171.35,171.51,171.31,171.48,0,0.0,0.0
AAPL,2023-10-02 08:40:00-04:00,171.4,171.59,171.38,171.54,0,0.0,0.0
AAPL,2023-10-02 08:45:00-04:00,171.54,171.55,171.32,171.38,0,0.0,0.0
AAPL,2023-10-02 08:50:00-04:00,171.38,171.45,171.21,171.425,0,0.0,0.0
AAPL,2023-10-02 08:55:00-04:00,171.32,171.44,171.21,171.26,0,0.0,0.0
AAPL,2023-10-02 09:00:00-04:00,171.325,171.46,171.09,171.12,0,0.0,0.0
AAPL,2023-10-02 09:05:00-04:00,171.15,171.17,171.0,171.1,0,0.0,0.0
AAPL,2023-10-02 09:10:00-04:00,171.1,172.81,171.05,171.3,0,0.0,0.0
AAPL,2023-10-02 09:30:00-04:00,171.22000122070312,173.07000732421875,170.92999267578125,172.99000549316406,2930178,0.0,0.0
AAPL,2023-10-02 09:35:00-04:00,173.02000427246094,173.1999969482422,172.8000030517578,173.03500366210938,1301197,0.0,0.0
AAPL,2023-10-02 09:40:00-04:00,173.04649353027344,173.2100067138672,172.85000610351562,173.17999267578125,856757,0.0,0.0
AAPL,2023-10-02 09:45:00-04:00,173.17999267578125,173.25,172.8699951171875,173.0290069580078,793359,0.0,0.0
AAPL,2023-10-02 09:50:00-04:00,173.02499389648438,173.13999938964844,172.80999755859375,172.8800048828125,674289,0.0,0.0
AAPL,2023-10-02 09:55:00-04:00,172.86000061035156,173.10000610351562,172.85000610351562,172.94000244140625,702463,0.0,0.0
AAPL,2023-10-02 10:00:00-04:00,172.94000244140625,174.0399932861328,172.8000030517578,173.9199981689453,1635540,0.0,0.0
AAPL,2023-10-02 10:05:00-04:00,173.9199981689453,174.02999877929688,173.58999633789062,173.7100067138672,742049,0.0,0.0
AAPL,2023-10-02 10:10:00-04:00,173.72000122070312,173.77999877929688,173.2899932861328,173.32960510253906,642191,0.0,0.0
AAPL,2023-10-02 10:15:00-04:00,173.32000732421875,173.89500427246094,173.32000732421875,173.61000061035156,839140,0.0,0.0
AAPL,2023-10-02 10:20:00-04:00,173.60000610351562,173.82000732421875,173.3300018310547,173.80999755859375,549177,0.0,0.0
AAPL,2023-10-02 10:25:00-04:00,173.82000732421875,174.00999450683594,173.25999450683594,173.3300018310547,736216,0.0,0.0
AAPL,2023-10-02 10:30:00-04:00,173.35000610351562,173.5850067138672,172.97000122070312,173.47000122070312,879141,0.0,0.0
AAPL,2023-10-02 10:35:00-04:00,173.49000549316406,173.74000549316406,173.3000030517578,173.46499633789062,427922,0.0,0.0
AAPL,2023-10-02 10:40:00-04:00,173.67999267578125,173.77999877929688,173.17999267578125,173.33450317382812,612126,0.0,0.0
AAPL,2023-10-02 10:45:00-04:00,173.33999633789062,173.52000427246094,173.14999389648438,173.38999938964844,547833,0.0,0.0
AAPL,2023-10-02 10:50:00-04:00,173.38999938964844,173.639892578125,173.19000244140625,173.22000122070312,458377,0.0,0.0
AAPL,2023-10-02 10:55:00-04:00,173.22500610351562,173.25999450683594,172.83999633789062,173.00900268554688,644401,0.0,0.0
AAPL,2023-10-02 11:00:00-04:00,173.00999450683594,173.5500030517578,172.9550018310547,173.44000244140625,584041,0.0,0.0
AAPL,2023-10-02 11:05:00-04:00,173.42999267578125,173.64999389648438,173.27000427246094,173.45989990234375,535337,0.0,0.0
AAPL,2023-10-02 11:10:00-04:00,173.44000244140625,173.74000549316406,173.32000732421875,173.7100067138672,425164,0.0,0.0
AAPL,2023-10-02 11:15:00-04:00,173.69500732421875,173.9199981689453,173.61000061035156,173.83999633789062,634513,0.0,0.0
AAPL,2023-10-02 11:20:00-04:00,173.8350067138672,174.3000030517578,173.80999755859375,174.26220703125,709853,0.0,0.0
AAPL,2023-10-02 11:25:00-04:00,174.25999450683594,174.3000030517578,174.0,174.10459899902344,478585,0.0,0.0
AAPL,2023-10-02 11:30:00-04:00,174.1199951171875,174.2100067138672,173.97189331054688,174.0,403561,0.0,0.0
AAPL,2023-10-02 11:35:00-04:00,174.0,174.07000732421875,173.593994140625,173.69500732421875,528857,0.0,0.0
AAPL,2023-10-02 11:40:00-04:00,173.69400024414062,173.72999572753906,173.4199981689453,173.4499969482422,501338,0.0,0.0
AAPL,2023-10-02 11:45:00-04:00,173.44500732421875,173.5399932861328,173.3300018310547,173.47000122070312,379961,0.0,0.0
AAPL,2023-10-02 11:50:00-04:00,173.47000122070312,173.60000610351562,173.1300048828125,173.1300048828125,469180,0.0,0.0
AAPL,2023-10-02 11:55:00-04:00,173.11500549316406,173.16000366210938,172.90499877929688,173.0800018310547,551737,0.0,0.0
AAPL,2023-10-02 12:00:00-04:00,173.08999633789062,173.19000244140625,172.9600067138672,173.10000610351562,333622,0.0,0.0
AAPL,2023-10-02 12:05:00-04:00,173.1083984375,173.15499877929688,172.82000732421875,172.97500610351562,360909,0.0,0.0
AAPL,2023-10-02 12:10:00-04:00,172.9600067138672,173.25999450683594,172.8800048828125,173.25999450683594,359427,0.0,0.0
AAPL,2023-10-02 12:15:00-04:00,173.26930236816406,173.47000122070312,173.16000366210938,173.16000366210938,589818,0.0,0.0
AAPL,2023-10-02 12:20:00-04:00,173.17999267578125,173.49000549316406,173.11000061035156,173.47999572753906,305611,0.0,0.0
AAPL,2023-10-02 12:25:00-04:00,173.47000122070312,173.52999877929688,173.13999938964844,173.35000610351562,541918,0.0,0.0
AAPL,2023-10-02 12:30:00-04:00,173.36000061035156,173.38699340820312,173.1999969482422,173.30999755859375,359645,0.0,0.0
AAPL,2023-10-02 12:35:00-04:00,173.2899932861328,173.47000122070312,173.17999267578125,173.2899932861328,258536,0.0,0.0
AAPL,2023-10-02 12:40:00-04:00,173.2949981689453,173.4149932861328,173.19000244140625,173.19000244140625,241607,0.0,0.0
AAPL,2023-10-02 12:45:00-04:00,173.1999969482422,173.38499450683594,173.0399932861328,173.0800018310547,430270,0.0,0.0
AAPL,2023-10-02 12:50:00-04:00,173.07989501953125,173.1999969482422,173.02000427246094,173.11000061035156,233111,0.0,0.0
AAPL,2023-10-02 12:55:00-04:00,173.08999633789062,173.25999450683594,173.05499267578125,173.17999267578125,255641,0.0,0.0
AAPL,2023-10-02 13:00:00-04:00,173.18499755859375,173.30999755859375,173.0800018310547,173.15089416503906,277039,0.0,0.0
AAPL,2023-10-02 13:05:00-04:00,173.16000366210938,173.23500061035156,172.92999267578125,172.99000549316406,356160,0.0,0.0
AAPL,2023-10-02 13:10:00-04:00,173.00999450683594,173.02000427246094,172.72999572753906,172.77999877929688,434670,0.0,0.0
AAPL,2023-10-02 13:15:00-04:00,172.7899932861328,173.1750030517578,172.7799072265625,173.0500030517578,369906,0.0,0.0
AAPL,2023-10-02 13:20:00-04:00,173.05999755859375,173.2899932861328,173.02999877929688,173.22999572753906,266007,0.0,0.0
AAPL,2023-10-02 13:25:00-04:00,173.22500610351562,173.40499877929688,173.19000244140625,173.30999755859375,269610,0.0,0.0
AAPL,2023-10-02 13:30:00-04:00,173.30999755859375,173.4250030517578,173.19000244140625,173.22999572753906,264363,0.0,0.0
AAPL,2023-10-02 13:35:00-04:00,173.22500610351562,173.35000610351562,173.16009521484375,173.2100067138672,210780,0.0,0.0
AAPL,2023-10-02 13:40:00-04:00,173.1999969482422,173.45989990234375,173.19000244140625,173.38900756835938,277868,0.0,0.0
AAPL,2023-10-02 13:45:00-04:00,173.3800048828125,173.51499938964844,173.32000732421875,173.40499877929688,279256,0.0,0.0
AAPL,2023-10-02 13:50:00-04:00,173.39999389648438,173.57989501953125,173.3800048828125,173.4499969482422,296730,0.0,0.0
AAPL,2023-10-02 13:55:00-04:00,173.4550018310547,173.47999572753906,173.11000061035156,173.1300048828125,369502,0.0,0.0
AAPL,2023-10-02 14:00:00-04:00,173.1300048828125,173.19500732421875,172.97999572753906,173.0399932861328,345390,0.0,0.0
AAPL,2023-10-02 14:05:00-04:00,173.0500030517578,173.3300018310547,173.0500030517578,173.22500610351562,350189,0.0,0.0
AAPL,2023-10-02 14:10:00-04:00,173.22000122070312,173.67999267578125,173.17999267578125,173.6649932861328,530992,0.0,0.0
AAPL,2023-10-02 14:15:00-04:00,173.66000366210938,173.7100067138672,173.1999969482422,173.21029663085938,430180,0.0,0.0
AAPL,2023-10-02 14:20:00-04:00,173.2100067138672,173.22000122070312,172.92999267578125,173.0699005126953,419910,0.0,0.0
AAPL,2023-10-02 14:25:00-04:00,173.0800018310547,173.09500122070312,172.77000427246094,172.78990173339844,338498,0.0,0.0
AAPL,2023-10-02 14:30:00-04:00,172.78199768066406,172.97000122070312,172.78199768066406,172.91000366210938,291527,0.0,0.0
AAPL,2023-10-02 14:35:00-04:00,172.91000366210938,172.97000122070312,172.75,172.75999450683594,260895,0.0,0.0
AAPL,2023-10-02 14:40:00-04:00,172.74000549316406,172.7581024169922,172.61000061035156,172.64999389648438,361546,0.0,0.0
AAPL,2023-10-02 14:45:00-04:00,172.66000366210938,172.8699951171875,172.64999389648438,172.86000061035156,289444,0.0,0.0
AAPL,2023-10-02 14:50:00-04:00,172.86000061035156,173.02999877929688,172.8000030517578,172.82000732421875,333961,0.0,0.0
AAPL,2023-10-02 14:55:00-04:00,172.80999755859375,172.97000122070312,172.72999572753906,172.88999938964844,275630,0.0,0.0
AAPL,2023-10-02 15:00:00-04:00,172.8800048828125,172.9499969482422,172.6199951171875,172.6699981689453,412100,0.0,0.0
AAPL,2023-10-02 15:05:00-04:00,172.6750030517578,172.97999572753906,172.5330047607422,172.92999267578125,391255,0.0,0.0
AAPL,2023-10-02 15:10:00-04:00,172.92999267578125,173.0800018310547,172.72799682617188,172.77999877929688,434681,0.0,0.0
AAPL,2023-10-02 15:15:00-04:00,172.77000427246094,173.0399932861328,172.77000427246094,172.86000061035156,358040,0.0,0.0
AAPL,2023-10-02 15:20:00-04:00,172.85000610351562,173.2100067138672,172.81100463867188,173.16000366210938,924705,0.0,0.0
AAPL,2023-10-02 15:25:00-04:00,173.16819763183594,173.1699981689453,172.92799377441406,173.0,392983,0.0,0.0
AAPL,2023-10-02 15:30:00-04:00,173.0,173.24000549316406,172.91000366210938,173.22000122070312,530046,0.0,0.0
AAPL,2023-10-02 15:35:00-04:00,173.22000122070312,173.24000549316406,172.94090270996094,173.05209350585938,490740,0.0,0.0
AAPL,2023-10-02 15:40:00-04:00,173.07000732421875,173.11990356445312,172.86000061035156,172.9499969482422,584004,0.0,0.0
AAPL,2023-10-02 15:45:00-04:00,172.94000244140625,173.1199951171875,172.8699951171875,172.88499450683594,629900,0.0,0.0
AAPL,2023-10-02 15:50:00-04:00,172.88999938964844,173.3300018310547,172.75,173.3000030517578,1132556,0.0,0.0
AAPL,2023-10-02 15:55:00-04:00,173.3000030517578,173.77999877929688,173.2550048828125,173.75,3053230,0.0,0.0
AAPL,2023-10-02 16:00:00-04:00,173.75,173.75,173.21,173.7,0,0.0,0.0
AAPL,2023-10-02 16:05:00-04:00,173.715,173.96,173.65,173.75,0,0.0,0.0
AAPL,2023-10-02 16:10:00-04:00,173.76,173.79,171.21,173.72,0,0.0,0.0
AAPL,2023-10-02 16:15:00-04:00,173.75,173.76,173.62,173.73,0,0.0,0.0
AAPL,2023-10-02 16:20:00-04:00,173.73,173.79,173.7,173.78,0,0.0,0.0
AAPL,2023-10-02 16:25:00-04:00,173.78,173.78,173.69,173.735,0,0.0,0.0
AAPL,2023-10-02 16:30:00-04:00,173.7585,173.78,173.71,173.78,0,0.0,0.0
AAPL,2023-10-02 16:35:00-04:00,173.765,173.86,172.79,173.75,0,0.0,0.0
AAPL,2023-10-02 16:40:00-04:00,173.73,173.75,173.64,173.66,0,0.0,0.0
AAPL,2023-10-02 16:45:00-04:00,173.66,173.73,173.63,173.68,0,0.0,0.0
AAPL,2023-10-02 16:50:00-04:00,173.66,173.76,173.66,173.75,0,0.0,0.0
AAPL,2023-10-02 16:55:00-04:00,173.72,173.76,173.69,173.725,0,0.0,0.0
AAPL,2023-10-02 17:00:00-04:00,173.74,173.78,173.67,173.75,0,0.0,0.0
AAPL,2023-10-02 17:05:00-04:00,173.77,173.78,173.74,173.76,0,0.0,0.0
AAPL,2023-10-02 17:10:00-04:00,173.74,173.78,173.74,173.74,0,0.0,0.0
AAPL,2023-10-02 17:15:00-04:00,173.705,173.8,173.66,173.78,0,0.0,0.0
AAPL,2023-10-02 17:20:00-04:00,173.765,173.78,173.62,173.675,0,0.0,0.0
AAPL,2023-10-02 17:25:00-04:00,173.63,173.72,173.63,173.72,0,0.0,0.0
AAPL,2023-10-02 17:30:00-04:00,173.69,173.72,163.93683,173.7,0,0.0,0.0
AAPL,2023-10-02 17:35:00-04:00,173.68,175.47942,173.42175,173.71,0,0.0,0.0
AAPL,2023-10-02 17:40:00-04:00,173.72,173.72,173.7,173.71,0,0.0,0.0
AAPL,2023-10-02 17:45:00-04:00,173.71,173.75,167.3879,173.75,0,0.0,0.0
AAPL,2023-10-02 17:50:00-04:00,173.73,173.75,173.63,173.675,0,0.0,0.0
AAPL,2023-10-02 17:55:00-04:00,173.71,179.1358,173.64,173.65,0,0.0,0.0
AAPL,2023-10-02 18:00:00-04:00,173.665,173.74,173.64,173.66,0,0.0,0.0
AAPL,2023-10-02 18:05:00-04:00,173.66,173.75,173.66,173.7,0,0.0,0.0
AAPL,2023-10-02 18:10:00-04:00,173.74,173.74,173.66,173.71,0,0.0,0.0
AAPL,2023-10-02 18:15:00-04:00,173.705,173.86,173.705,173.805,0,0.0,0.0
AAPL,2023-10-02 18:20:00-04:00,173.805,173.86,173.75,173.86,0,0.0,0.0
AAPL,2023-10-02 18:25:00-04:00,173.8,173.86,173.75,173.78,0,0.0,0.0
AAPL,2023-10-02 18:30:00-04:00,173.8,173.9,173.75,173.825,0,0.0,0.0
AAPL,2023-10-02 18:35:00-04:00,173.85,173.89,173.75,173.75,0,0.0,0.0
AAPL,2023-10-02 18:40:00-04:00,173.82,173.82,173.75,173.8,0,0.0,0.0
AAPL,2023-10-02 18:45:00-04:00,173.775,173.8,173.72,173.735,0,0.0,0.0
AAPL,2023-10-02 18:50:00-04:00,173.75,173.75,173.72,173.7485,0,0.0,0.0
AAPL,2023-10-02 18:55:00-04:00,173.735,173.75,173.68,173.72,0,0.0,0.0
AAPL,2023-10-02 19:00:00-04:00,173.69,173.75,173.69,173.74,0,0.0,0.0
AAPL,2023-10-02 19:05:00-04:00,173.74,173.75,173.73,173.75,0,0.0,0.0
AAPL,2023-10-02 19:10:00-04:00,173.74,173.75,173.72,173.72,0,0.0,0.0
AAPL,2023-10-02 19:15:00-04:00,173.72,173.75,173.69,173.705,0,0.0,0.0
AAPL,2023-10-02 19:20:00-04:00,173.69,173.73,173.68,173.72,0,0.0,0.0
AAPL,2023-10-02 19:25:00-04:00,173.7,173.72,173.62,173.67,0,0.0,0.0
AAPL,2023-10-02 19:30:00-04:00,173.62,173.73,173.62,173.72,0,0.0,0.0
AAPL,2023-10-02 19:35:00-04:00,173.725,173.77,173.7,173.76,0,0.0,0.0
AAPL,2023-10-02 19:40:00-04:00,173.76,173.77,173.74,173.76,0,0.0,0.0
AAPL,2023-10-02 19:45:00-04:00,173.77,173.9,173.75,173.9,0,0.0,0.0
AAPL,2023-10-02 19:50:00-04:00,173.9,173.97,173.86,173.93,0,0.0,0.0
AAPL,2023-10-02 19:55:00-04:00,173.93,173.95,173.81,173.85,0,0.0,0.0
